,Orders,Order_time,Vehicle,Distance,Free_cars,Weather,Price,Expert
0,Order №1,0.27,Business,6.53,0.1,-0.24,1.1552,+
1,Order №2,0.48,Standard,3.53,0.2,-0.67,0.7405,-
2,Order №3,0.27,Business,12.62,0.5,0.86,1.1552,-
3,Order №4,0.98,Business,4.8,0.0,-0.12,0.9577,-
4,Order №5,0.85,Standard,2.46,0.7,-0.1,0.7899,+
5,Order №6,0.16,Economy,3.12,0.9,-0.09,0.8886,-
6,Order №7,0.6,Business,4.65,0.2,0.53,1.1058,-
7,Order №8,0.86,Standard,0.45,1.0,-0.22,1.1058,-
8,Order №9,0.97,Business,3.32,0.8,-0.88,0.7602,+
9,Order №10,0.29,Standard,8.71,0.8,-0.2,1.3625,-
10,Order №11,0.33,Standard,4.07,0.1,0.58,0.9577,-
11,Order №12,0.65,Business,4.42,0.5,-0.95,0.8491,-
12,Order №13,0.5,Business,15.22,0.8,-0.56,1.3526,+
13,Order №14,0.36,Standard,10.04,0.6,0.18,1.2144,-
14,Order №15,0.66,Economy,5.42,0.8,0.65,0.9281,-
15,Order №16,0.36,Business,8.37,0.3,-0.41,0.9379,-
16,Order №17,0.02,Business,3.84,0.2,-0.83,0.8392,-
17,Order №18,0.88,Business,7.77,0.8,-0.44,1.1848,-
18,Order №19,0.64,Economy,6.14,0.4,-0.49,0.7207,+
19,Order №20,0.12,Economy,9.51,0.1,0.04,1.0466,+
20,Order №21,0.24,Business,4.72,0.3,-0.95,0.7602,+
21,Order №22,0.65,Business,10.22,0.1,-0.34,1.2736,-
22,Order №23,0.26,Business,9.03,0.4,-0.5,1.402,+
23,Order №24,0.71,Economy,3.09,0.9,-0.39,1.1749,-
24,Order №25,0.42,Business,5.68,0.4,-0.42,0.9676,+
25,Order №26,0.6,Standard,8.4,0.2,-0.74,1.0663,-
26,Order №27,0.69,Economy,3.32,0.9,0.6,1.1749,-
27,Order №28,0.91,Business,4.81,0.8,0.81,0.8886,-
28,Order №29,0.24,Standard,2.77,0.5,-0.07,0.9379,+
29,Order №30,0.1,Economy,5.12,0.6,-0.29,1.0663,-
30,Order №31,0.03,Standard,9.31,0.4,0.98,1.1552,-
31,Order №32,0.92,Economy,2.03,0.9,0.08,0.9972,-
32,Order №33,0.24,Standard,7.29,0.6,0.36,0.9281,-
33,Order №34,0.9,Business,3.74,0.9,-0.78,1.0959,-
34,Order №35,0.02,Economy,3.49,0.4,0.8,0.8096,-
35,Order №36,0.28,Economy,3.62,0.1,-0.52,1.0268,-
36,Order №37,0.13,Economy,10.93,0.2,0.08,1.2243,-
37,Order №38,0.42,Business,6.42,0.9,0.69,0.9972,+
38,Order №39,0.01,Economy,4.04,0.9,0.59,0.7701,+
39,Order №40,0.89,Business,3.87,0.7,-0.67,0.9873,-
40,Order №41,0.02,Standard,9.4,0.5,0.59,0.7997,-
41,Order №42,0.4,Business,6.9,0.1,0.21,1.5402,-
42,Order №43,0.17,Economy,7.19,0.1,-0.49,1.0071,-
43,Order №44,0.62,Economy,3.73,0.5,-0.99,0.7405,-
44,Order №45,0.72,Business,8.6,0.8,0.47,1.402,-
45,Order №46,0.59,Business,2.38,1.0,0.31,0.7405,-
46,Order №47,0.62,Standard,4.39,0.8,0.84,0.701,-
47,Order №48,0.22,Business,10.03,1.0,0.03,0.8392,-
48,Order №49,0.89,Business,5.73,0.5,0.37,1.0169,-
49,Order №50,0.8,Business,6.51,0.4,0.45,1.1058,-
50,Order №51,0.22,Economy,9.0,0.3,-0.23,0.8293,-
51,Order №52,0.91,Standard,9.81,0.0,-0.41,0.7109,-
52,Order №53,0.05,Business,4.68,0.2,-0.45,1.0169,-
53,Order №54,0.83,Economy,9.71,0.7,0.2,0.7997,-
54,Order №55,0.41,Business,17.73,0.0,0.32,0.8985,-
55,Order №56,0.29,Economy,1.03,1.0,0.83,1.1354,+
56,Order №57,0.4,Business,1.37,0.4,0.01,0.7997,-
57,Order №58,0.25,Economy,1.45,0.6,-0.89,0.7997,-
58,Order №59,0.81,Business,6.94,0.5,-0.5,1.2736,-
59,Order №60,0.91,Standard,4.78,0.5,-0.91,1.0367,+
60,Order №61,0.97,Economy,4.59,0.2,-0.91,1.1354,-
61,Order №62,0.65,Standard,11.07,0.7,0.63,0.9873,-
62,Order №63,0.4,Business,6.28,0.2,1.0,0.7207,-
63,Order №64,0.97,Economy,5.19,1.0,0.66,0.9577,+
64,Order №65,0.97,Economy,6.86,0.9,0.96,1.2341,-
65,Order №66,0.14,Business,7.71,0.7,0.47,0.7207,+
66,Order №67,0.95,Standard,7.96,1.0,-0.26,0.8886,-
67,Order №68,0.27,Business,2.33,0.7,-0.94,0.7997,-
68,Order №69,0.29,Business,9.65,0.9,0.2,0.9379,-
69,Order №70,0.02,Standard,5.13,0.5,-0.57,0.9972,-
70,Order №71,0.32,Economy,10.86,0.7,0.31,1.0564,-
71,Order №72,0.63,Standard,4.33,0.5,0.53,1.1157,-
72,Order №73,0.56,Economy,6.78,0.1,-0.84,0.9774,+
73,Order №74,0.87,Business,3.54,0.3,-0.5,1.2243,-
74,Order №75,0.99,Business,10.97,0.5,0.27,1.1848,+
75,Order №76,0.65,Standard,8.4,0.6,0.93,0.8293,-
76,Order №77,0.11,Business,3.2,0.2,0.77,1.2144,-
77,Order №78,0.55,Economy,3.94,0.1,-0.29,1.165,-
78,Order №79,0.77,Economy,9.07,0.5,0.27,1.1157,-
79,Order №80,0.25,Standard,9.29,0.3,0.17,1.0564,+
80,Order №81,0.5,Economy,1.35,0.8,0.25,1.0466,-
81,Order №82,0.43,Standard,8.9,0.3,0.34,1.2539,-
82,Order №83,0.05,Economy,4.02,0.8,-0.11,0.9379,+
83,Order №84,0.79,Economy,3.81,0.6,-0.45,0.9577,-
84,Order №85,0.88,Economy,2.83,0.0,-0.63,0.701,-
85,Order №86,0.03,Standard,3.88,0.0,-0.32,1.0663,-
86,Order №87,0.35,Economy,0.54,0.5,-0.59,0.7602,-
87,Order №88,0.0,Business,2.48,0.8,0.7,1.0268,-
88,Order №89,0.1,Economy,1.13,0.6,-0.55,0.9379,+
89,Order №90,0.72,Economy,9.93,0.4,-0.5,1.1453,-
90,Order №91,0.78,Economy,8.53,0.3,0.87,0.7899,-
91,Order №92,0.81,Standard,10.47,0.7,0.64,0.8293,-
92,Order №93,0.78,Business,5.96,0.2,-0.94,0.7701,-
93,Order №94,0.32,Business,8.16,0.7,0.2,1.4316,-
94,Order №95,0.18,Business,2.13,0.4,-0.9,0.78,+
95,Order №96,0.36,Standard,4.59,0.8,0.75,1.0071,+
96,Order №97,0.81,Business,0.94,0.7,-0.35,0.7306,-
97,Order №98,0.83,Business,6.01,0.1,0.24,1.0367,-
98,Order №99,0.1,Standard,2.48,0.3,-0.33,1.1058,-
99,Order №100,0.47,Standard,3.96,0.4,-0.25,1.1058,-
100,Order №101,0.82,Economy,6.34,0.1,0.83,1.1354,-
101,Order №102,0.94,Standard,9.66,0.6,-0.19,1.0071,-
102,Order №103,0.3,Economy,6.92,0.7,0.34,1.2736,-
103,Order №104,0.49,Economy,10.58,0.8,-0.79,0.8886,-
104,Order №105,0.88,Economy,3.93,0.7,-0.34,1.3131,-
105,Order №106,0.47,Standard,8.34,0.7,0.26,1.0169,-
106,Order №107,1.0,Business,9.88,0.7,0.52,0.7109,+
107,Order №108,0.94,Economy,3.07,0.4,0.2,1.0169,-
108,Order №109,0.93,Business,1.41,0.6,-0.96,0.701,-
109,Order №110,0.99,Economy,1.54,0.2,-0.27,0.7602,+
110,Order №111,0.01,Economy,3.01,0.7,-0.99,0.7405,-
111,Order №112,0.18,Business,9.53,0.2,-0.8,0.8392,-
112,Order №113,0.22,Standard,1.62,0.3,0.49,1.165,-
113,Order №114,0.03,Standard,1.95,0.1,0.13,1.2835,-
114,Order №115,0.99,Standard,5.76,0.7,0.02,1.2243,-
115,Order №116,0.13,Business,8.27,0.3,-0.29,1.3625,-
116,Order №117,0.44,Economy,4.77,0.1,-0.31,0.7899,-
117,Order №118,0.81,Standard,6.83,0.8,-0.66,0.9774,-
118,Order №119,0.17,Business,8.05,1.0,-0.04,0.8886,-
119,Order №120,0.19,Business,5.78,0.0,0.08,1.2736,+
120,Order №121,0.02,Business,3.71,0.6,0.23,1.2144,-
121,Order №122,0.52,Economy,8.31,0.4,0.58,0.7109,+
122,Order №123,0.92,Business,7.65,0.6,-0.19,0.7602,+
123,Order №124,0.79,Business,10.15,0.4,-0.56,0.8985,-
124,Order №125,0.31,Business,1.99,1.0,-0.27,0.9281,-
125,Order №126,0.41,Business,5.97,0.1,-0.33,1.086,-
126,Order №127,0.65,Standard,6.38,0.8,0.22,1.1946,+
127,Order №128,0.87,Standard,2.05,0.5,0.95,0.8688,-
128,Order №129,0.9,Standard,4.28,0.5,-0.53,0.7504,-
129,Order №130,0.66,Business,12.68,0.4,-0.22,1.1157,-
130,Order №131,0.92,Standard,2.4,0.5,-0.02,0.8985,-
131,Order №132,0.05,Standard,0.74,0.6,-0.87,0.701,-
132,Order №133,0.79,Business,0.69,0.3,0.1,0.9182,-
133,Order №134,0.98,Standard,7.9,0.0,0.93,1.0663,-
134,Order №135,0.91,Standard,2.94,0.8,-0.1,0.9972,+
135,Order №136,0.57,Economy,11.8,0.6,0.01,0.8293,-
136,Order №137,0.73,Business,8.42,0.7,0.86,1.2341,-
137,Order №138,0.4,Economy,0.89,0.5,-0.52,0.8392,-
138,Order №139,0.91,Standard,12.6,0.2,0.54,0.7602,-
139,Order №140,0.55,Business,1.62,0.6,0.16,0.7997,-
140,Order №141,0.3,Standard,6.58,0.4,-0.44,1.086,-
141,Order №142,0.21,Business,0.87,0.3,0.75,1.1848,-
142,Order №143,0.16,Business,8.72,0.8,0.02,1.0268,-
143,Order №144,0.12,Business,3.66,0.7,-0.92,0.9972,-
144,Order №145,0.32,Economy,6.13,0.3,0.92,1.086,-
145,Order №146,0.1,Business,9.94,0.0,-0.33,0.6911,-
146,Order №147,0.69,Standard,0.57,0.3,-0.19,0.7701,+
147,Order №148,0.54,Business,0.75,0.1,0.01,0.9873,-
148,Order №149,0.54,Economy,1.24,0.5,-0.46,1.1354,-
149,Order №150,0.66,Standard,4.43,0.4,0.55,1.1255,-
150,Order №151,0.7,Standard,6.53,0.0,0.12,0.7109,-
151,Order №152,0.51,Standard,9.47,0.1,-0.43,1.1552,-
152,Order №153,0.45,Business,1.89,0.7,-0.07,0.9873,+
153,Order №154,0.58,Business,7.89,0.5,-0.44,1.1255,-
154,Order №155,0.75,Economy,1.98,0.1,-0.47,0.9379,+
155,Order №156,0.77,Business,9.63,0.3,-0.93,0.8491,-
156,Order №157,0.26,Standard,13.38,0.9,-0.23,1.0071,-
157,Order №158,0.61,Standard,7.78,0.7,-0.41,0.7701,-
158,Order №159,0.5,Standard,10.05,0.0,0.05,1.1255,-
159,Order №160,0.73,Standard,4.65,0.5,0.18,1.1552,-
160,Order №161,0.35,Standard,1.28,0.3,0.4,1.244,-
161,Order №162,0.35,Standard,11.72,0.9,-0.3,0.701,-
162,Order №163,0.13,Business,7.21,0.5,0.64,1.1552,+
163,Order №164,0.38,Standard,3.21,0.7,-0.23,1.1058,-
164,Order №165,0.32,Business,2.22,0.5,-0.85,0.9774,-
165,Order №166,0.47,Economy,10.18,0.8,0.24,1.1255,-
166,Order №167,0.64,Standard,1.2,0.5,-0.39,1.2341,-
167,Order №168,0.97,Standard,10.73,0.7,0.64,0.7109,-
168,Order №169,0.59,Economy,6.11,0.9,-0.15,0.9676,-
169,Order №170,0.63,Business,0.6,0.1,0.92,1.0071,-
170,Order №171,0.7,Business,5.07,0.4,-0.34,1.3131,-
171,Order №172,0.55,Standard,9.77,0.3,-0.94,0.9083,-
172,Order №173,0.76,Standard,3.6,0.5,0.89,0.8491,-
173,Order №174,0.57,Business,6.5,1.0,0.13,0.8096,-
174,Order №175,0.57,Economy,4.88,0.2,-0.28,1.1058,+
175,Order №176,0.8,Economy,3.91,0.8,0.55,1.0663,-
176,Order №177,0.32,Standard,6.38,0.7,0.57,0.7504,-
177,Order №178,0.92,Business,7.65,0.0,-0.24,0.78,-
178,Order №179,0.12,Economy,2.83,0.8,0.67,0.8985,-
179,Order №180,0.96,Economy,4.62,1.0,0.04,0.7405,+
180,Order №181,0.4,Standard,1.65,0.0,-0.05,0.8688,-
181,Order №182,0.03,Business,1.14,1.0,0.43,1.2835,-
182,Order №183,0.59,Business,4.7,0.4,0.17,0.8985,+
183,Order №184,0.56,Economy,0.82,0.5,-0.32,0.7701,-
184,Order №185,0.67,Economy,5.0,0.8,0.5,0.8293,-
185,Order №186,0.36,Business,4.15,0.4,0.79,0.8491,+
186,Order №187,0.7,Business,8.51,0.6,-0.66,1.4711,-
187,Order №188,0.87,Economy,0.72,0.3,-0.85,0.6911,+
188,Order №189,0.13,Business,11.59,0.7,-0.3,0.8195,-
189,Order №190,0.23,Economy,5.22,0.6,-0.83,1.0959,-
190,Order №191,0.55,Standard,8.65,1.0,0.42,1.0367,+
191,Order №192,0.3,Standard,7.76,0.5,-0.34,1.165,+
192,Order №193,0.9,Business,10.23,0.4,-0.46,1.1058,-
193,Order №194,0.39,Business,7.84,0.4,-0.54,1.244,-
194,Order №195,0.17,Standard,10.21,0.1,0.04,1.0564,-
195,Order №196,0.88,Economy,9.81,0.6,-0.32,0.8195,+
196,Order №197,0.27,Business,3.75,0.0,-0.46,0.7405,-
197,Order №198,0.75,Economy,9.92,0.3,-0.35,0.7109,-
198,Order №199,0.93,Business,10.23,1.0,-0.01,0.7701,+
199,Order №200,0.83,Business,4.45,0.2,-0.46,1.1255,-
200,Order №201,0.89,Business,4.92,0.3,0.27,0.8787,-
201,Order №202,0.69,Economy,2.83,0.5,-0.01,0.7109,-
202,Order №203,0.76,Standard,2.46,1.0,0.66,1.2539,-
203,Order №204,0.53,Standard,0.81,0.9,-0.63,0.7504,-
204,Order №205,0.01,Standard,0.52,0.1,-0.53,0.9083,-
205,Order №206,0.04,Standard,0.41,0.9,-0.11,0.9774,-
206,Order №207,0.96,Economy,5.13,0.7,-0.7,1.1453,-
207,Order №208,0.72,Standard,2.92,0.2,-0.57,1.2638,-
208,Order №209,0.12,Economy,1.64,1.0,-0.84,0.9083,-
209,Order №210,0.89,Standard,11.61,0.3,0.79,0.701,-
210,Order №211,0.13,Standard,5.88,0.2,0.02,0.8096,-
211,Order №212,0.62,Standard,3.99,0.3,-0.69,1.0367,-
212,Order №213,0.37,Economy,1.29,0.4,-0.52,0.9379,-
213,Order №214,0.2,Business,1.7,0.5,0.05,0.8195,-
214,Order №215,0.96,Economy,4.71,0.0,-0.79,0.9676,-
215,Order №216,0.09,Business,5.09,1.0,-0.19,0.7109,+
216,Order №217,0.52,Business,7.05,0.0,-0.13,0.9478,+
217,Order №218,0.45,Business,9.59,0.5,-0.38,1.1058,-
218,Order №219,0.28,Business,3.06,0.1,0.24,1.1058,-
219,Order №220,0.17,Economy,4.6,0.2,-0.77,0.8985,-
220,Order №221,0.77,Business,3.81,0.0,0.65,0.7602,-
221,Order №222,0.12,Standard,6.04,0.7,-0.78,0.9774,-
222,Order №223,0.84,Business,9.64,0.8,0.99,1.1354,-
223,Order №224,0.22,Standard,3.56,0.4,-1.0,0.9478,+
224,Order №225,0.55,Business,5.0,0.4,-0.57,0.8293,-
225,Order №226,0.53,Business,0.81,0.9,-0.87,1.0268,+
226,Order №227,0.23,Economy,1.4,0.3,-0.93,1.3822,-
227,Order №228,0.38,Business,3.98,0.3,-0.95,0.9478,-
228,Order №229,1.0,Economy,1.49,0.9,-0.61,1.165,-
229,Order №230,0.18,Business,12.13,0.5,-0.74,1.165,-
230,Order №231,0.85,Economy,11.95,0.7,-0.41,0.859,-
231,Order №232,0.87,Standard,3.87,0.7,0.5,1.1354,-
232,Order №233,0.21,Economy,6.7,0.6,0.42,0.8491,-
233,Order №234,0.39,Business,6.45,0.2,-0.68,0.859,-
234,Order №235,0.14,Business,7.24,0.4,-0.42,0.7306,-
235,Order №236,0.11,Business,9.13,0.5,-0.2,1.1354,+
236,Order №237,0.91,Business,3.78,0.5,-0.49,1.2144,-
237,Order №238,0.68,Economy,9.55,0.8,0.35,0.859,-
238,Order №239,0.0,Standard,3.32,0.5,0.52,1.2341,-
239,Order №240,0.24,Economy,4.02,0.7,0.46,0.7306,-
240,Order №241,0.26,Business,6.47,0.6,0.38,0.7899,-
241,Order №242,0.42,Standard,5.32,0.9,0.39,0.8688,-
242,Order №243,0.23,Economy,7.45,0.3,0.35,1.3329,-
243,Order №244,0.22,Business,5.87,0.1,-0.37,1.0169,+
244,Order №245,0.24,Economy,11.69,0.0,-0.04,0.9182,-
245,Order №246,0.3,Economy,6.23,0.7,0.24,1.4415,-
246,Order №247,0.8,Standard,11.36,0.5,0.01,1.086,-
247,Order №248,0.21,Economy,8.1,0.3,-0.06,0.701,-
248,Order №249,0.34,Business,7.28,0.4,-0.71,0.701,-
249,Order №250,0.74,Standard,2.44,0.3,-0.24,1.0762,-
250,Order №251,0.25,Business,1.96,0.7,-0.42,0.78,+
251,Order №252,0.94,Business,2.76,0.9,0.4,1.1453,+
252,Order №253,0.37,Economy,0.59,0.7,0.19,0.9281,-
253,Order №254,0.84,Standard,4.45,0.1,0.9,0.7306,+
254,Order №255,0.48,Standard,5.23,0.9,0.1,1.165,-
255,Order №256,0.09,Economy,4.68,0.8,0.58,0.8293,-
256,Order №257,0.23,Standard,0.56,0.3,0.01,1.1058,-
257,Order №258,0.87,Business,5.1,0.7,-0.83,0.8787,-
258,Order №259,0.43,Standard,1.45,0.7,-0.38,1.0071,-
259,Order №260,0.87,Economy,7.62,0.0,-0.93,1.0268,-
260,Order №261,0.37,Economy,6.32,0.7,-0.91,1.2144,+
261,Order №262,0.1,Standard,11.19,0.0,0.35,0.9873,-
262,Order №263,0.43,Economy,2.91,0.8,0.08,1.1453,-
263,Order №264,0.8,Standard,6.58,0.2,0.32,1.0564,+
264,Order №265,0.35,Business,8.09,0.1,0.44,1.086,+
265,Order №266,0.39,Business,2.54,0.9,0.41,0.7899,-
266,Order №267,0.55,Economy,4.58,0.8,0.95,0.9774,-
267,Order №268,0.84,Business,1.36,0.0,-0.56,1.1058,-
268,Order №269,0.68,Business,4.79,0.3,0.62,1.0367,-
269,Order №270,0.53,Business,9.79,0.0,-0.27,0.859,+
270,Order №271,0.36,Business,3.01,0.2,0.39,0.8787,+
271,Order №272,0.25,Business,5.3,0.7,0.19,1.0367,-
272,Order №273,0.46,Economy,6.04,0.7,-0.85,0.7405,+
273,Order №274,0.49,Business,9.58,0.1,0.64,1.0762,-
274,Order №275,0.41,Standard,5.44,0.1,0.77,1.2835,-
275,Order №276,0.74,Standard,0.79,0.6,0.23,0.8392,-
276,Order №277,0.1,Standard,5.12,1.0,0.13,0.8985,-
277,Order №278,0.42,Economy,3.53,0.0,-0.74,0.9478,+
278,Order №279,0.54,Standard,4.05,0.1,0.68,1.1354,+
279,Order №280,0.21,Standard,4.56,0.7,0.48,0.9774,-
280,Order №281,0.83,Economy,8.61,0.0,0.1,1.0268,-
281,Order №282,0.75,Economy,0.94,0.3,-0.93,0.9774,+
282,Order №283,0.89,Economy,3.66,0.5,-0.67,0.9379,-
283,Order №284,0.08,Standard,5.32,0.6,0.12,1.0959,+
284,Order №285,0.83,Business,9.22,0.5,0.98,0.9083,-
285,Order №286,0.41,Standard,2.94,1.0,0.6,0.701,-
286,Order №287,0.38,Economy,2.39,0.7,0.67,0.9577,-
287,Order №288,0.85,Business,1.09,0.7,0.74,1.1848,-
288,Order №289,0.18,Business,10.08,0.7,0.73,1.0268,-
289,Order №290,0.79,Economy,4.04,0.5,0.79,1.0564,-
290,Order №291,0.0,Economy,13.36,0.9,0.82,1.0959,+
291,Order №292,0.71,Standard,7.29,0.5,-0.92,0.701,-
292,Order №293,0.47,Business,2.76,0.9,0.04,1.5994,-
293,Order №294,0.29,Business,2.66,0.3,-0.63,1.2045,-
294,Order №295,0.63,Economy,5.38,0.5,0.9,0.8787,-
295,Order №296,0.3,Business,12.64,0.6,0.06,1.2638,-
296,Order №297,0.15,Standard,1.2,0.8,-0.59,0.8886,-
297,Order №298,0.69,Business,6.81,0.4,-0.35,0.7504,-
298,Order №299,0.4,Economy,1.75,0.9,0.68,1.165,+
299,Order №300,0.52,Standard,4.06,0.5,0.64,0.9379,-
300,Order №301,0.71,Business,2.73,0.7,-0.32,1.2539,-
301,Order №302,0.79,Standard,3.72,0.3,0.31,0.9873,-
302,Order №303,0.78,Economy,1.83,0.5,0.91,1.0564,-
303,Order №304,0.33,Economy,8.73,1.0,0.52,0.8985,-
304,Order №305,0.47,Economy,5.27,0.6,0.04,0.7504,+
305,Order №306,0.52,Economy,2.11,0.2,0.56,1.323,+
306,Order №307,0.84,Business,6.16,1.0,-0.54,0.8787,-
307,Order №308,0.79,Standard,11.6,0.3,0.84,0.9281,-
308,Order №309,0.08,Business,2.73,0.0,0.8,0.9182,-
309,Order №310,0.87,Standard,4.67,0.0,0.75,0.7109,-
310,Order №311,0.8,Economy,6.42,0.9,0.71,1.1946,+
311,Order №312,0.34,Business,6.71,0.9,0.95,1.086,+
312,Order №313,0.33,Business,7.31,0.1,-0.06,0.8688,-
313,Order №314,0.52,Standard,0.89,0.7,-0.62,0.6911,+
314,Order №315,0.27,Economy,0.73,0.6,-0.17,0.859,-
315,Order №316,0.97,Standard,4.97,0.9,0.52,0.8392,-
316,Order №317,0.55,Business,4.08,0.1,0.33,0.8293,+
317,Order №318,0.52,Business,7.49,0.1,-0.67,1.0959,-
318,Order №319,0.98,Standard,6.19,0.2,-0.03,0.9873,-
319,Order №320,0.35,Business,8.35,0.5,-0.05,0.9182,+
320,Order №321,0.63,Standard,2.39,0.5,0.26,0.8195,-
321,Order №322,0.27,Economy,0.85,1.0,-0.28,1.1453,-
322,Order №323,0.45,Business,6.63,0.0,0.29,0.7504,-
323,Order №324,0.42,Standard,6.24,0.1,-0.24,1.4415,+
324,Order №325,0.96,Standard,1.26,1.0,-0.85,0.7899,+
325,Order №326,0.17,Business,7.81,0.6,-0.82,1.1255,-
326,Order №327,0.15,Standard,6.84,0.4,0.89,0.9083,-
327,Order №328,0.06,Economy,1.41,0.4,0.08,1.2243,-
328,Order №329,0.77,Standard,10.35,0.9,0.33,0.8392,-
329,Order №330,0.13,Business,0.66,0.5,-0.93,1.0268,-
330,Order №331,0.33,Business,7.15,0.3,-0.47,0.7701,-
331,Order №332,0.56,Economy,7.11,0.8,-0.74,1.1255,+
332,Order №333,0.37,Business,9.06,0.5,0.94,1.2736,-
333,Order №334,0.33,Business,0.61,0.0,0.89,1.165,-
334,Order №335,0.4,Economy,9.08,0.1,-0.79,1.0367,-
335,Order №336,0.22,Standard,5.91,0.3,-0.59,0.9083,+
336,Order №337,0.17,Standard,6.39,0.5,-0.85,0.78,-
337,Order №338,0.56,Standard,4.6,0.2,0.91,1.1058,-
338,Order №339,0.46,Standard,1.19,0.5,0.03,0.7899,-
339,Order №340,0.09,Economy,3.43,0.0,-0.75,1.244,-
340,Order №341,0.01,Standard,2.64,1.0,0.23,0.701,-
341,Order №342,0.14,Standard,7.9,0.5,0.47,0.8392,-
342,Order №343,0.89,Standard,9.98,0.1,-0.95,1.1552,-
343,Order №344,0.4,Standard,14.68,0.4,0.48,0.8688,-
344,Order №345,0.7,Business,1.01,0.9,-0.04,1.1749,+
345,Order №346,0.16,Standard,3.73,0.7,-0.66,1.2539,-
346,Order №347,0.78,Business,4.28,0.8,-0.57,0.8787,-
347,Order №348,0.08,Business,6.26,0.2,-0.31,1.0071,-
348,Order №349,0.45,Standard,11.59,0.6,0.02,0.8787,-
349,Order №350,0.76,Standard,4.3,0.0,-0.41,0.9083,-
350,Order №351,0.04,Business,5.97,0.3,0.95,1.0268,-
351,Order №352,0.98,Economy,3.97,0.6,0.94,1.2243,-
352,Order №353,0.68,Economy,1.5,0.6,0.16,1.0367,-
353,Order №354,0.37,Business,7.44,0.6,0.49,0.7306,-
354,Order №355,0.03,Standard,11.29,0.1,-0.34,1.1453,-
355,Order №356,0.03,Economy,2.3,0.5,0.96,1.3131,+
356,Order №357,0.04,Business,7.71,0.1,0.28,1.0564,-
357,Order №358,0.23,Economy,0.57,0.3,0.28,0.9379,-
358,Order №359,0.37,Economy,8.99,0.0,0.35,0.9873,-
359,Order №360,0.52,Economy,8.01,0.3,-0.71,1.086,-
360,Order №361,0.85,Economy,6.3,0.1,0.57,1.0564,-
361,Order №362,0.17,Business,1.81,0.8,-0.82,1.2045,-
362,Order №363,0.87,Economy,5.5,0.3,0.1,0.7899,-
363,Order №364,0.76,Standard,3.24,0.6,0.6,0.7306,-
364,Order №365,0.56,Economy,3.99,0.0,-0.05,1.0169,+
365,Order №366,0.31,Business,8.22,0.6,0.19,0.9478,+
366,Order №367,0.81,Business,8.13,0.4,0.62,0.8787,+
367,Order №368,0.15,Business,1.56,0.1,-0.04,0.8293,-
368,Order №369,0.21,Economy,3.4,0.4,0.97,0.859,+
369,Order №370,0.21,Business,7.65,0.3,0.71,0.8096,-
370,Order №371,0.3,Economy,3.21,0.9,0.45,0.9083,-
371,Order №372,0.6,Standard,5.18,0.2,-0.75,1.0367,-
372,Order №373,0.2,Business,8.65,0.6,0.09,1.1946,-
373,Order №374,0.57,Business,10.34,0.5,-0.37,1.0169,-
374,Order №375,0.64,Economy,6.75,0.6,-0.98,0.7207,+
375,Order №376,0.19,Business,7.37,0.7,0.31,1.0762,-
376,Order №377,0.31,Standard,8.41,0.6,-1.0,1.1058,-
377,Order №378,0.37,Standard,3.3,1.0,-0.33,1.1157,-
378,Order №379,0.85,Economy,7.7,0.2,0.66,1.0959,+
379,Order №380,0.74,Business,11.81,0.2,-0.88,1.1946,-
380,Order №381,0.98,Standard,5.09,0.2,0.46,0.7405,-
381,Order №382,0.83,Standard,2.5,0.1,0.9,1.1354,-
382,Order №383,0.47,Economy,3.28,1.0,-0.67,0.9478,-
383,Order №384,0.53,Business,3.61,0.3,-0.61,0.8293,-
384,Order №385,0.17,Standard,7.53,0.8,-0.9,0.9873,+
385,Order №386,0.03,Economy,4.17,0.8,0.94,0.8985,-
386,Order №387,0.73,Economy,8.45,0.7,-0.2,0.9182,-
387,Order №388,0.64,Economy,2.29,0.0,-0.56,1.1749,+
388,Order №389,0.23,Business,2.1,0.0,0.43,0.8293,-
389,Order №390,0.66,Business,1.26,0.4,-0.32,0.7504,-
390,Order №391,0.21,Economy,4.39,0.3,0.01,0.9972,+
391,Order №392,0.69,Business,7.82,0.4,-0.67,0.7997,+
392,Order №393,0.25,Standard,4.93,0.7,0.68,0.8787,+
393,Order №394,0.3,Business,12.23,1.0,0.73,0.8688,-
394,Order №395,0.52,Standard,8.48,0.2,0.78,0.8195,-
395,Order №396,0.1,Standard,5.69,0.8,0.94,0.7997,-
396,Order №397,0.7,Standard,7.32,0.5,-0.44,0.8688,+
397,Order №398,0.97,Economy,8.6,0.1,-0.76,0.9676,-
398,Order №399,0.15,Standard,2.39,1.0,0.69,0.8392,-
399,Order №400,0.17,Business,14.74,0.9,-0.61,1.1946,-
400,Order №401,0.06,Economy,9.27,0.3,0.79,0.7109,-
401,Order №402,0.58,Standard,8.13,0.1,0.8,0.7602,-
402,Order №403,0.59,Standard,7.31,1.0,0.65,0.9873,-
403,Order №404,0.33,Economy,1.94,0.4,-0.3,0.9083,+
404,Order №405,0.38,Standard,6.88,0.4,-0.92,1.2243,+
405,Order №406,0.86,Economy,8.07,0.5,0.23,1.3131,-
406,Order №407,0.83,Economy,6.07,0.0,-0.79,1.1354,-
407,Order №408,0.14,Standard,4.0,0.0,0.87,1.5402,-
408,Order №409,0.23,Economy,8.77,0.0,-0.82,0.9182,-
409,Order №410,0.3,Business,17.02,0.4,-0.07,1.1552,-
410,Order №411,0.27,Business,0.41,0.6,-0.94,0.8491,-
411,Order №412,0.16,Economy,2.92,0.8,0.58,0.7997,-
412,Order №413,0.47,Business,8.96,0.8,-0.12,0.9083,-
413,Order №414,0.05,Economy,8.36,0.3,0.07,1.0663,-
414,Order №415,0.31,Standard,2.97,0.8,-0.74,0.9281,-
415,Order №416,0.3,Business,11.36,0.6,-0.93,1.0663,-
416,Order №417,0.74,Standard,8.07,0.0,-0.18,1.2243,-
417,Order №418,0.49,Business,1.96,0.4,0.64,1.1552,+
418,Order №419,0.23,Standard,8.32,0.2,0.33,1.3625,+
419,Order №420,0.43,Standard,7.88,0.1,0.57,0.9774,-
420,Order №421,0.03,Standard,3.97,0.4,-0.81,0.7405,-
421,Order №422,0.38,Standard,5.11,0.2,-0.13,0.8096,-
422,Order №423,0.38,Economy,5.36,0.9,-0.63,0.9478,-
423,Order №424,0.97,Standard,2.16,0.7,-0.86,1.0466,-
424,Order №425,0.55,Business,5.01,0.0,-0.55,1.1552,-
425,Order №426,0.28,Business,12.76,0.0,-0.66,0.8985,-
426,Order №427,0.69,Economy,6.12,0.1,0.99,1.1058,-
427,Order №428,0.59,Economy,11.77,1.0,0.36,0.8688,-
428,Order №429,0.11,Economy,5.22,0.6,0.0,1.0959,-
429,Order №430,0.6,Standard,6.23,0.2,-0.85,0.7602,-
430,Order №431,0.56,Standard,0.7,0.5,-0.84,1.2341,-
431,Order №432,0.1,Standard,2.19,0.4,-0.61,0.8096,+
432,Order №433,0.97,Standard,1.59,0.1,-0.63,1.0466,+
433,Order №434,0.6,Economy,5.93,0.3,-0.58,0.8688,-
434,Order №435,0.37,Standard,4.85,0.0,-0.2,1.2835,-
435,Order №436,0.16,Standard,14.25,0.4,0.59,0.8392,+
436,Order №437,0.02,Standard,10.12,0.7,-0.71,0.7602,-
437,Order №438,0.72,Business,15.06,0.3,0.87,0.859,-
438,Order №439,0.08,Standard,1.71,0.1,0.68,1.244,-
439,Order №440,0.89,Economy,5.41,0.9,0.32,0.8096,-
440,Order №441,0.16,Standard,13.87,0.6,-0.68,1.086,-
441,Order №442,0.6,Business,5.35,0.9,-0.79,0.8985,-
442,Order №443,0.74,Standard,5.02,0.7,-0.24,1.0663,+
443,Order №444,0.34,Standard,5.04,0.0,0.68,0.701,-
444,Order №445,0.0,Standard,6.75,0.0,-0.46,1.0071,-
445,Order №446,0.52,Standard,5.53,0.4,-0.33,0.9774,-
446,Order №447,0.71,Business,3.53,0.7,0.91,0.7997,-
447,Order №448,0.13,Standard,7.16,1.0,-0.66,0.8985,-
448,Order №449,0.07,Business,4.64,0.2,0.03,1.6291,-
449,Order №450,0.89,Standard,0.82,0.1,-0.63,1.0564,-
450,Order №451,0.17,Standard,4.03,0.1,-0.62,0.859,+
451,Order №452,0.56,Standard,1.88,0.1,-0.33,1.1058,-
452,Order №453,0.63,Standard,0.82,1.0,-0.84,1.0663,-
453,Order №454,0.41,Standard,12.94,0.6,0.81,1.0367,-
454,Order №455,0.07,Economy,6.99,0.9,-0.11,1.1354,-
455,Order №456,0.39,Economy,2.58,0.9,0.9,1.1058,-
456,Order №457,0.39,Economy,11.4,0.1,0.94,0.8985,-
457,Order №458,0.49,Business,10.78,0.6,0.2,0.7306,-
458,Order №459,0.02,Business,7.78,0.5,0.75,0.8392,-
459,Order №460,0.18,Economy,6.57,0.0,0.53,0.8787,-
460,Order №461,0.43,Economy,4.58,0.6,-0.28,0.9478,-
461,Order №462,0.49,Business,0.44,0.5,-0.98,0.9379,-
462,Order №463,0.84,Business,3.31,1.0,-0.22,0.9182,-
463,Order №464,0.34,Economy,6.31,0.5,0.89,1.3329,-
464,Order №465,0.41,Standard,10.12,0.7,-0.13,1.0663,-
465,Order №466,0.73,Economy,0.43,0.6,-0.55,0.7306,-
466,Order №467,0.91,Business,7.71,0.5,-0.32,1.2341,+
467,Order №468,0.85,Business,4.24,0.8,-0.74,1.2045,-
468,Order №469,0.95,Standard,15.63,0.2,0.58,0.7899,-
469,Order №470,0.02,Standard,3.76,0.6,-0.61,1.3033,-
470,Order №471,0.82,Standard,4.78,0.3,0.77,1.0466,-
471,Order №472,0.01,Economy,2.83,1.0,0.27,0.7306,-
472,Order №473,0.95,Standard,9.53,0.4,-0.03,0.9281,-
473,Order №474,0.09,Economy,0.91,0.7,0.52,1.0268,-
474,Order №475,0.04,Business,10.6,0.7,0.4,0.8985,-
475,Order №476,0.13,Economy,5.43,0.8,-0.17,1.1453,-
476,Order №477,0.0,Economy,0.82,0.6,-0.31,1.1157,-
477,Order №478,0.21,Business,1.97,0.7,0.54,0.9379,-
478,Order №479,0.72,Economy,5.87,0.2,0.44,0.8392,-
479,Order №480,0.76,Standard,13.87,0.3,-0.39,1.1157,-
480,Order №481,0.02,Economy,6.36,0.0,0.09,1.1453,+
481,Order №482,0.59,Standard,0.45,0.9,0.33,1.0959,-
482,Order №483,0.75,Business,3.59,1.0,-0.43,0.859,+
483,Order №484,0.93,Business,8.34,0.7,-0.67,0.7405,-
484,Order №485,0.71,Economy,2.85,0.0,0.7,0.9379,-
485,Order №486,0.3,Economy,13.96,0.1,-0.09,0.7701,-
486,Order №487,0.97,Business,6.38,0.3,0.7,1.2638,-
487,Order №488,0.88,Standard,9.73,0.5,-0.36,1.1255,-
488,Order №489,0.52,Standard,4.54,0.2,-0.12,1.3329,-
489,Order №490,0.36,Business,1.91,0.4,0.48,0.9577,-
490,Order №491,0.45,Economy,1.66,0.1,-0.13,1.086,-
491,Order №492,0.03,Standard,3.94,0.4,-0.52,1.2341,+
492,Order №493,0.41,Standard,3.58,0.9,0.32,0.8985,-
493,Order №494,0.01,Standard,13.41,1.0,-0.87,1.086,-
494,Order №495,0.76,Standard,1.77,0.8,-0.94,0.9182,-
495,Order №496,0.11,Economy,3.4,0.5,-0.5,1.1453,-
496,Order №497,0.54,Economy,5.77,0.8,0.5,0.8392,-
497,Order №498,0.03,Standard,9.65,0.0,-0.27,1.2045,-
498,Order №499,0.65,Standard,7.84,0.1,0.25,1.323,+
499,Order №500,0.5,Business,10.26,0.7,0.34,1.2736,-
500,Order №501,0.13,Business,2.22,0.1,0.09,0.8195,+
501,Order №502,0.72,Economy,1.94,0.8,0.88,1.2539,-
502,Order №503,0.42,Business,10.81,0.6,0.77,1.165,-
503,Order №504,0.58,Economy,9.24,0.7,0.59,1.0564,-
504,Order №505,0.74,Business,10.38,0.0,-0.61,0.8293,-
505,Order №506,0.77,Business,2.62,0.3,0.69,1.2736,-
506,Order №507,0.54,Economy,11.27,0.2,0.36,0.9577,-
507,Order №508,0.83,Economy,12.88,0.9,0.91,0.9083,-
508,Order №509,0.08,Business,1.49,1.0,0.42,1.3131,+
509,Order №510,0.34,Business,6.25,0.4,0.36,0.7701,-
510,Order №511,0.15,Standard,1.26,0.6,0.25,0.8886,-
511,Order №512,0.97,Business,4.75,0.3,-0.16,0.859,-
512,Order №513,0.79,Standard,1.06,0.2,-0.83,1.1354,-
513,Order №514,0.8,Standard,4.88,1.0,-0.62,1.2341,-
514,Order №515,0.52,Business,14.51,0.5,0.2,0.7997,-
515,Order №516,1.0,Standard,8.22,0.5,0.2,0.9972,-
516,Order №517,0.26,Economy,3.39,0.5,0.83,0.7109,-
517,Order №518,0.34,Standard,0.94,0.7,-0.77,0.7405,-
518,Order №519,0.7,Standard,0.72,0.3,0.94,1.0564,-
519,Order №520,0.28,Standard,4.37,0.2,0.08,0.7997,+
520,Order №521,0.32,Economy,3.27,0.0,-0.08,1.244,-
521,Order №522,0.88,Standard,9.02,0.8,0.04,1.0959,+
522,Order №523,0.85,Standard,1.45,0.1,0.55,0.9379,-
523,Order №524,0.68,Economy,3.43,0.8,-0.43,1.0959,-
524,Order №525,0.65,Business,5.82,0.3,0.19,1.0564,+
525,Order №526,0.5,Business,12.08,0.4,0.41,0.9478,-
526,Order №527,0.99,Standard,10.6,0.0,-0.1,0.7306,-
527,Order №528,0.33,Standard,13.53,0.8,0.65,1.244,+
528,Order №529,0.3,Standard,4.51,0.8,-0.46,1.0367,-
529,Order №530,0.0,Economy,9.92,0.8,-0.43,0.9478,+
530,Order №531,0.03,Business,3.48,0.2,-0.67,0.8195,-
531,Order №532,0.3,Business,3.7,0.5,0.72,0.8392,+
532,Order №533,0.63,Business,11.66,1.0,-0.45,0.8985,+
533,Order №534,0.71,Business,7.41,0.9,0.37,0.9379,-
534,Order №535,0.21,Business,7.94,0.1,0.47,0.8195,-
535,Order №536,0.29,Economy,10.41,0.3,0.24,0.6911,-
536,Order №537,0.21,Business,1.4,0.7,-0.58,1.3822,-
537,Order №538,0.51,Standard,9.94,0.1,0.32,1.3033,-
538,Order №539,0.3,Business,2.62,0.1,0.3,0.9083,-
539,Order №540,0.06,Business,2.66,0.1,-0.3,0.7306,+
540,Order №541,0.06,Standard,11.77,0.9,0.04,0.8491,+
541,Order №542,0.85,Economy,2.17,0.5,0.55,0.8392,-
542,Order №543,0.27,Standard,5.15,0.4,0.41,0.9083,-
543,Order №544,0.43,Business,4.31,0.4,-0.79,1.1255,-
544,Order №545,0.01,Economy,11.03,0.1,0.11,1.0268,-
545,Order №546,1.0,Business,11.88,0.2,-0.78,0.9281,+
546,Order №547,0.07,Business,8.05,1.0,-0.64,0.9676,-
547,Order №548,0.8,Economy,0.76,0.2,0.71,0.9676,+
548,Order №549,0.9,Standard,1.35,0.5,-0.44,1.1552,-
549,Order №550,0.26,Standard,1.67,0.8,-0.65,0.7207,-
550,Order №551,0.65,Standard,0.56,0.0,0.39,1.165,-
551,Order №552,0.92,Economy,7.03,0.4,-0.47,1.2144,+
552,Order №553,0.81,Business,2.6,0.9,-0.03,0.9182,-
553,Order №554,0.31,Business,6.15,1.0,0.96,1.3033,+
554,Order №555,0.13,Business,8.61,0.9,-0.51,1.1946,-
555,Order №556,0.24,Economy,3.85,0.0,-0.8,0.9676,-
556,Order №557,0.89,Standard,3.05,0.3,0.73,1.0762,-
557,Order №558,0.26,Economy,6.25,0.0,-0.47,0.8195,+
558,Order №559,0.38,Economy,1.16,0.8,-0.84,0.8096,-
559,Order №560,0.45,Standard,1.04,0.3,-0.47,1.0762,-
560,Order №561,0.69,Economy,6.72,0.2,0.62,0.7701,-
561,Order №562,0.53,Economy,5.14,0.1,0.87,1.3329,-
562,Order №563,0.74,Economy,5.56,0.1,-0.7,1.0564,+
563,Order №564,0.17,Business,4.39,0.1,-0.53,1.0564,+
564,Order №565,0.69,Standard,5.06,0.5,0.29,1.1749,-
565,Order №566,0.9,Business,7.44,0.8,-0.55,1.1453,-
566,Order №567,0.65,Economy,4.58,0.7,0.23,1.0762,-
567,Order №568,0.32,Business,3.29,1.0,0.5,1.0762,-
568,Order №569,0.38,Business,3.58,0.5,0.31,1.2539,-
569,Order №570,0.75,Standard,7.9,0.2,-0.8,0.8491,-
570,Order №571,0.67,Business,6.22,1.0,-0.36,0.9478,-
571,Order №572,0.4,Economy,7.46,0.4,0.68,0.8392,-
572,Order №573,0.36,Standard,5.48,0.4,-0.81,0.8293,-
573,Order №574,0.29,Business,7.44,1.0,0.47,1.0367,-
574,Order №575,0.68,Standard,2.53,0.7,0.73,1.2341,-
575,Order №576,0.76,Economy,2.76,0.9,0.43,1.2045,-
576,Order №577,0.09,Business,8.48,0.4,0.97,1.1157,-
577,Order №578,0.89,Standard,8.13,0.6,0.92,1.0268,+
578,Order №579,0.5,Standard,6.81,0.7,-0.98,1.244,-
579,Order №580,0.44,Economy,3.71,0.7,-0.4,0.9676,-
580,Order №581,0.19,Economy,9.34,0.1,-0.13,1.0466,-
581,Order №582,0.12,Business,4.6,0.2,-0.01,1.1255,-
582,Order №583,0.85,Business,7.25,0.0,0.43,1.0071,-
583,Order №584,0.19,Business,2.84,0.8,0.18,1.3625,-
584,Order №585,0.53,Business,10.18,0.8,-0.34,0.7405,-
585,Order №586,0.81,Economy,3.23,0.8,0.76,1.0367,-
586,Order №587,0.09,Economy,10.64,1.0,-0.78,1.1058,-
587,Order №588,0.61,Standard,2.22,1.0,0.32,0.9577,-
588,Order №589,0.05,Economy,0.8,0.5,0.52,1.1058,-
589,Order №590,0.41,Economy,0.42,0.8,0.41,0.7602,-
590,Order №591,0.45,Economy,5.39,0.8,-0.11,1.323,-
591,Order №592,0.88,Economy,5.5,0.0,0.79,1.0268,-
592,Order №593,0.66,Economy,4.38,0.2,-0.31,1.1749,-
593,Order №594,0.08,Economy,0.41,0.8,0.23,1.0959,-
594,Order №595,0.14,Economy,11.01,0.2,-1.0,1.1946,-
595,Order №596,0.77,Economy,5.49,0.2,0.52,1.1848,-
596,Order №597,0.04,Economy,5.94,0.6,0.9,0.7899,+
597,Order №598,0.23,Business,10.24,0.7,-0.79,1.323,-
598,Order №599,0.44,Economy,8.43,0.1,-0.37,0.9182,-
599,Order №600,0.64,Business,6.69,1.0,-0.97,1.0169,-
600,Order №601,0.53,Standard,4.76,0.3,-0.7,0.7207,+
601,Order №602,0.53,Economy,8.49,0.5,-0.25,1.244,-
602,Order №603,0.08,Economy,9.09,0.7,-0.26,1.165,+
603,Order №604,0.97,Business,9.49,0.1,-0.75,1.0959,-
604,Order №605,0.1,Standard,2.26,0.1,-0.27,0.7306,-
605,Order №606,0.46,Economy,2.54,0.9,0.12,1.1255,-
606,Order №607,0.56,Standard,0.86,0.3,-0.19,0.8688,-
607,Order №608,0.47,Business,7.38,0.8,-0.09,1.2934,+
608,Order №609,0.53,Economy,3.76,0.1,0.19,0.8985,-
609,Order №610,0.85,Standard,10.08,0.3,-0.78,0.8195,+
610,Order №611,0.49,Business,8.65,0.4,0.52,0.7504,-
611,Order №612,0.08,Economy,2.68,0.5,-0.62,1.2341,-
612,Order №613,0.42,Standard,7.58,0.2,-0.24,0.7306,-
613,Order №614,0.98,Standard,0.8,0.6,-0.31,0.9577,-
614,Order №615,0.47,Economy,6.22,0.5,-0.48,0.9873,-
615,Order №616,0.47,Standard,7.02,0.6,-0.87,0.8491,-
616,Order №617,0.6,Economy,0.52,1.0,0.5,1.1552,-
617,Order №618,0.67,Business,6.98,0.6,-0.74,1.1255,-
618,Order №619,0.64,Business,2.07,0.7,-0.99,1.1255,-
619,Order №620,0.08,Standard,1.14,0.8,-0.18,1.1552,-
620,Order №621,0.43,Business,2.68,0.6,-0.03,1.0071,-
621,Order №622,0.53,Standard,13.1,0.0,-0.3,1.323,-
622,Order №623,0.14,Standard,4.51,0.1,-0.56,1.2243,-
623,Order №624,0.41,Business,3.72,0.3,-0.18,1.1453,+
624,Order №625,0.25,Standard,3.37,0.2,0.04,0.8787,-
625,Order №626,0.8,Economy,5.33,0.8,-0.89,0.9182,-
626,Order №627,0.14,Economy,2.9,0.4,0.98,0.9972,+
627,Order №628,0.52,Economy,7.11,0.0,-0.77,1.1354,-
628,Order №629,0.28,Business,12.59,1.0,-0.87,1.0071,-
629,Order №630,0.02,Standard,6.69,0.2,-0.28,0.9083,-
630,Order №631,0.21,Standard,2.55,0.5,0.44,0.859,-
631,Order №632,0.31,Standard,4.01,0.1,0.49,0.9182,-
632,Order №633,0.01,Economy,2.51,0.9,-0.21,1.1157,-
633,Order №634,0.24,Standard,6.99,0.5,0.35,0.701,-
634,Order №635,0.59,Business,4.2,0.6,-0.23,0.701,-
635,Order №636,0.36,Standard,3.22,1.0,0.57,1.0169,+
636,Order №637,0.78,Economy,5.97,0.3,-0.06,0.9774,-
637,Order №638,0.36,Standard,5.38,0.9,-0.86,0.8392,-
638,Order №639,0.96,Standard,7.22,0.3,0.19,0.8096,-
639,Order №640,0.06,Business,0.72,0.1,-0.53,0.8985,-
640,Order №641,0.19,Economy,10.9,1.0,-0.66,1.1749,+
641,Order №642,0.49,Standard,5.3,0.2,0.91,0.9182,+
642,Order №643,0.52,Standard,0.94,0.0,0.08,0.9972,-
643,Order №644,0.65,Standard,0.57,0.1,0.39,0.859,-
644,Order №645,0.01,Business,2.82,0.7,0.03,1.1453,-
645,Order №646,0.41,Standard,7.38,1.0,0.99,1.0663,-
646,Order №647,0.98,Standard,2.04,0.9,-0.42,1.3921,-
647,Order №648,0.06,Business,9.4,0.0,0.08,0.9379,+
648,Order №649,0.03,Economy,12.55,0.9,-0.44,0.9577,-
649,Order №650,0.26,Standard,2.53,0.3,-0.51,1.2539,-
650,Order №651,0.31,Economy,0.56,1.0,-0.69,1.0959,-
651,Order №652,0.58,Business,4.09,1.0,0.8,0.9873,-
652,Order №653,0.03,Business,8.54,0.4,0.87,1.3033,-
653,Order №654,0.35,Standard,4.73,0.6,-0.24,0.7997,-
654,Order №655,0.05,Economy,2.13,0.1,0.86,1.2341,-
655,Order №656,0.61,Economy,0.71,0.1,0.42,1.2045,+
656,Order №657,0.87,Standard,12.47,0.8,0.33,1.0169,-
657,Order №658,0.46,Economy,5.35,0.3,0.28,1.0071,-
658,Order №659,0.33,Business,5.33,0.5,0.46,1.3033,-
659,Order №660,0.2,Economy,0.53,0.1,-0.87,1.0663,-
660,Order №661,0.86,Business,1.15,0.6,-0.44,1.0959,+
661,Order №662,0.14,Economy,3.82,0.3,-0.02,1.2144,-
662,Order №663,0.41,Standard,3.28,0.1,-0.4,1.1453,+
663,Order №664,0.25,Economy,10.21,1.0,0.91,0.7504,-
664,Order №665,0.6,Standard,2.47,0.5,-0.09,1.2243,-
665,Order №666,0.1,Economy,6.41,0.9,-0.14,1.2835,-
666,Order №667,0.58,Economy,5.19,1.0,0.84,1.1058,-
667,Order №668,0.57,Standard,5.84,0.7,0.63,1.0367,-
668,Order №669,0.47,Business,1.92,0.1,-0.8,1.1157,-
669,Order №670,0.31,Business,2.71,0.9,-0.72,1.0466,-
670,Order №671,0.62,Economy,1.25,0.2,-0.12,0.701,-
671,Order №672,0.62,Business,2.92,1.0,0.56,0.8392,-
672,Order №673,0.85,Economy,0.73,0.5,-0.57,1.0762,-
673,Order №674,0.3,Economy,2.89,0.3,-0.13,0.7109,+
674,Order №675,0.5,Standard,1.05,0.5,0.19,1.5303,-
675,Order №676,0.33,Business,2.94,0.9,0.95,1.0367,-
676,Order №677,0.96,Economy,9.19,0.2,-0.54,0.7405,+
677,Order №678,0.27,Business,0.57,0.5,0.22,1.0268,+
678,Order №679,0.63,Standard,12.49,0.5,0.2,1.086,-
679,Order №680,0.63,Economy,6.63,0.2,-0.83,0.7899,-
680,Order №681,0.83,Standard,0.75,0.9,0.33,0.7602,-
681,Order №682,0.34,Economy,1.22,0.5,0.76,1.1453,-
682,Order №683,0.1,Standard,4.64,0.6,0.12,1.1354,-
683,Order №684,0.62,Business,4.71,0.6,0.93,1.1749,-
684,Order №685,0.23,Standard,3.67,0.9,-0.16,0.6911,+
685,Order №686,0.25,Economy,0.77,0.2,0.31,1.0169,-
686,Order №687,0.71,Economy,5.12,0.8,-0.57,1.244,+
687,Order №688,0.91,Standard,1.51,0.1,0.6,0.7306,-
688,Order №689,0.27,Business,2.39,0.8,0.17,1.086,-
689,Order №690,0.24,Standard,6.27,0.6,-0.68,1.086,-
690,Order №691,0.02,Economy,11.35,0.2,0.22,0.7997,+
691,Order №692,0.45,Standard,5.38,0.2,0.3,1.0466,-
692,Order №693,0.45,Business,4.31,0.6,0.11,0.7405,+
693,Order №694,0.68,Economy,7.46,1.0,-0.5,0.8293,-
694,Order №695,0.17,Economy,9.63,0.1,0.91,1.1157,-
695,Order №696,0.0,Standard,0.56,1.0,0.83,0.701,-
696,Order №697,0.74,Economy,14.11,0.3,0.42,0.9182,-
697,Order №698,0.5,Standard,2.67,0.2,-0.97,1.4217,+
698,Order №699,0.1,Business,4.73,0.2,0.96,0.78,+
699,Order №700,0.38,Standard,2.5,1.0,-0.33,0.8392,-
700,Order №701,0.03,Standard,1.53,0.8,-0.13,1.0268,+
701,Order №702,0.73,Business,4.88,0.4,0.18,0.9972,+
702,Order №703,0.42,Business,10.34,0.2,-0.66,0.9281,-
703,Order №704,0.53,Business,13.68,0.2,0.14,1.1848,+
704,Order №705,0.19,Business,8.86,0.1,0.48,0.8491,-
705,Order №706,0.24,Economy,3.99,0.8,0.71,0.7701,-
706,Order №707,0.13,Business,3.36,0.8,0.6,0.859,-
707,Order №708,0.13,Economy,14.83,0.2,-0.01,1.1157,+
708,Order №709,0.05,Business,3.74,0.7,-0.04,1.1354,+
709,Order №710,0.46,Standard,3.73,0.4,-0.89,0.7504,-
710,Order №711,0.1,Business,11.07,0.6,-0.34,0.859,-
711,Order №712,0.48,Standard,2.53,0.0,0.24,0.9774,-
712,Order №713,0.48,Economy,3.72,0.5,0.42,0.8985,-
713,Order №714,0.64,Standard,9.56,0.7,-0.0,1.0169,+
714,Order №715,0.03,Economy,2.88,1.0,0.5,1.1157,-
715,Order №716,0.29,Business,7.48,0.8,0.45,0.8293,-
716,Order №717,0.79,Standard,3.13,0.1,0.59,1.1453,-
717,Order №718,0.97,Standard,11.09,0.0,-0.16,0.9774,-
718,Order №719,0.59,Economy,4.52,0.1,0.33,1.0663,-
719,Order №720,0.81,Economy,8.12,0.6,-0.55,0.7602,-
720,Order №721,0.48,Standard,8.72,0.1,0.0,0.7602,+
721,Order №722,0.24,Economy,7.65,0.0,-0.36,1.0564,+
722,Order №723,0.1,Standard,6.79,0.5,0.29,1.3329,-
723,Order №724,0.23,Standard,13.16,0.8,0.22,1.0762,-
724,Order №725,0.51,Economy,6.56,0.3,-0.58,1.2045,-
725,Order №726,0.38,Economy,6.88,0.3,-0.36,1.0564,-
726,Order №727,0.23,Standard,11.74,0.0,-0.86,1.3822,-
727,Order №728,0.82,Standard,9.64,0.9,0.81,0.9676,-
728,Order №729,0.55,Economy,1.21,0.1,0.7,0.7306,+
729,Order №730,0.3,Economy,4.87,0.7,0.78,0.8096,-
730,Order №731,0.5,Business,5.23,0.3,-0.09,1.1255,-
731,Order №732,0.71,Economy,2.15,0.7,-0.61,0.9676,+
732,Order №733,0.99,Business,1.2,0.7,-0.37,0.7207,+
733,Order №734,0.49,Economy,3.35,0.4,-0.1,0.8293,-
734,Order №735,0.72,Economy,5.35,0.9,-0.42,1.0169,-
735,Order №736,0.86,Economy,7.41,0.1,-0.29,1.1848,+
736,Order №737,0.43,Economy,10.12,0.9,0.16,0.9676,-
737,Order №738,0.46,Economy,5.44,0.7,-0.23,0.9873,+
738,Order №739,0.9,Standard,3.45,0.7,0.11,0.9676,-
739,Order №740,0.67,Business,4.88,1.0,0.02,1.0367,-
740,Order №741,0.5,Business,7.29,0.0,-0.09,0.9281,-
741,Order №742,0.69,Standard,7.09,1.0,0.89,1.1552,-
742,Order №743,0.02,Economy,6.21,1.0,0.66,0.7405,+
743,Order №744,0.2,Standard,0.97,0.8,0.67,1.2341,-
744,Order №745,0.64,Business,6.47,0.2,0.1,1.3427,-
745,Order №746,0.59,Business,11.8,0.7,0.49,0.8985,-
746,Order №747,0.94,Business,3.27,0.7,0.95,0.8985,+
747,Order №748,0.74,Economy,5.43,1.0,-0.49,0.701,-
748,Order №749,0.72,Business,9.01,0.9,-0.02,0.8688,+
749,Order №750,0.06,Business,10.62,0.2,0.13,1.3131,-
750,Order №751,0.71,Economy,5.02,0.1,0.23,0.8195,+
751,Order №752,0.1,Economy,7.62,0.0,-0.18,0.7997,-
752,Order №753,0.84,Business,5.59,0.5,-0.03,0.9478,+
753,Order №754,0.17,Standard,13.02,0.4,0.65,0.8985,+
754,Order №755,0.28,Economy,1.74,0.4,-0.5,0.9182,+
755,Order №756,0.71,Business,4.17,0.6,-0.25,0.8985,-
756,Order №757,0.69,Economy,9.5,0.6,-0.82,0.9676,-
757,Order №758,0.78,Economy,9.94,0.8,-0.59,1.1552,-
758,Order №759,0.17,Standard,5.15,0.7,0.66,0.8688,-
759,Order №760,0.64,Business,5.46,0.3,-0.13,1.1453,-
760,Order №761,0.43,Business,6.46,0.9,0.02,0.701,+
761,Order №762,0.03,Business,3.73,0.2,-0.01,1.1946,-
762,Order №763,0.4,Economy,4.06,0.0,-0.41,0.9676,+
763,Order №764,0.46,Economy,5.63,0.2,-0.13,1.0762,-
764,Order №765,0.1,Business,0.51,0.9,-0.2,1.2144,-
765,Order №766,0.14,Business,4.58,0.9,0.39,0.9774,-
766,Order №767,0.16,Standard,0.65,0.3,-0.05,1.2638,-
767,Order №768,0.55,Standard,4.43,0.1,0.0,1.1848,-
768,Order №769,0.44,Business,5.78,0.1,-0.04,0.8195,-
769,Order №770,0.76,Standard,12.41,0.3,-0.14,1.1354,-
770,Order №771,0.51,Business,2.1,0.5,-0.8,0.9774,-
771,Order №772,0.26,Business,2.44,0.6,0.17,1.2539,-
772,Order №773,0.18,Standard,3.62,0.9,0.19,1.2736,-
773,Order №774,0.54,Business,12.17,0.9,0.7,0.8688,+
774,Order №775,0.28,Economy,4.09,1.0,0.83,0.8787,-
775,Order №776,0.35,Economy,12.22,0.4,-0.3,0.9281,-
776,Order №777,0.48,Business,4.21,0.4,0.39,0.9182,-
777,Order №778,0.39,Standard,2.86,0.4,0.01,0.9972,-
778,Order №779,0.65,Economy,6.42,0.1,-0.26,0.8985,+
779,Order №780,0.3,Business,4.39,0.9,-0.53,0.8886,-
780,Order №781,0.92,Business,9.7,0.8,0.16,1.2243,-
781,Order №782,0.59,Business,1.9,0.7,0.64,1.1848,-
782,Order №783,0.61,Business,7.96,0.9,0.59,0.7306,-
783,Order №784,0.64,Standard,8.55,0.9,-0.44,0.6911,-
784,Order №785,0.41,Standard,7.6,0.4,-0.11,0.7701,+
785,Order №786,0.48,Business,0.77,0.2,-0.18,0.8787,-
786,Order №787,0.69,Business,8.06,0.2,-0.07,1.0959,+
787,Order №788,0.86,Business,4.3,0.2,-0.97,1.2539,-
788,Order №789,0.58,Economy,2.02,1.0,0.99,0.9577,-
789,Order №790,0.72,Economy,7.65,0.1,-0.29,0.7997,-
790,Order №791,0.55,Business,1.29,0.0,0.84,1.086,-
791,Order №792,0.87,Standard,2.17,0.8,-0.84,0.7504,+
792,Order №793,0.22,Business,4.3,0.1,-0.77,1.0959,-
793,Order №794,0.69,Economy,0.84,0.9,0.53,1.0564,-
794,Order №795,0.1,Economy,1.68,0.1,0.9,0.8688,-
795,Order №796,0.76,Economy,7.76,0.3,0.91,0.8293,-
796,Order №797,0.05,Business,6.6,0.7,-0.25,0.8096,+
797,Order №798,0.67,Economy,13.0,0.3,0.65,0.9281,-
798,Order №799,0.84,Business,4.66,0.7,0.23,0.9676,+
799,Order №800,0.52,Economy,6.97,0.8,-0.8,1.2243,+
800,Order №801,0.21,Business,2.62,1.0,0.16,0.78,+
801,Order №802,0.0,Standard,5.22,0.6,-0.48,1.1552,-
802,Order №803,0.0,Standard,6.13,0.4,-0.89,0.8688,-
803,Order №804,0.17,Standard,3.83,1.0,0.45,1.1157,+
804,Order №805,0.9,Standard,1.41,0.8,0.15,0.7405,-
805,Order №806,0.88,Business,2.3,0.2,-0.43,1.3131,-
806,Order №807,0.3,Economy,2.92,0.9,0.75,1.0466,-
807,Order №808,0.96,Economy,1.43,0.9,-0.89,1.0071,+
808,Order №809,0.17,Business,8.03,0.3,-0.14,1.4415,-
809,Order №810,0.12,Business,0.97,0.7,0.32,1.0071,-
810,Order №811,0.61,Business,11.23,0.2,0.75,0.7504,-
811,Order №812,0.25,Standard,7.84,1.0,-0.79,0.859,-
812,Order №813,0.88,Economy,4.62,0.7,-0.64,0.8985,-
813,Order №814,0.01,Economy,4.08,0.7,-0.86,0.78,-
814,Order №815,0.3,Standard,1.96,0.7,-0.07,0.7306,-
815,Order №816,0.5,Business,6.62,0.8,0.41,1.2736,-
816,Order №817,0.49,Economy,0.61,0.6,0.73,1.0762,-
817,Order №818,0.04,Standard,3.48,0.2,0.6,1.2243,+
818,Order №819,0.15,Business,5.01,0.4,-0.28,0.8886,+
819,Order №820,0.06,Standard,2.45,0.3,-0.95,1.1453,-
820,Order №821,0.13,Standard,7.07,0.1,-0.9,0.8392,+
821,Order №822,0.61,Business,3.34,0.5,0.03,0.8293,-
822,Order №823,0.26,Economy,4.23,0.8,0.85,0.9577,-
823,Order №824,0.21,Business,1.14,0.5,0.71,1.3033,-
824,Order №825,0.7,Standard,5.64,0.5,-0.09,0.8392,-
825,Order №826,0.85,Economy,7.33,0.4,0.31,1.2934,-
826,Order №827,0.8,Business,5.38,0.8,0.41,0.9182,-
827,Order №828,0.31,Economy,5.44,1.0,-0.23,1.0762,+
828,Order №829,0.81,Economy,6.37,0.3,0.96,0.7504,-
829,Order №830,0.72,Economy,2.97,1.0,0.32,0.8985,-
830,Order №831,0.41,Economy,8.36,0.8,-0.91,1.2539,-
831,Order №832,0.7,Economy,2.42,0.8,0.67,1.2045,-
832,Order №833,0.74,Standard,2.59,1.0,-0.88,1.3625,-
833,Order №834,0.82,Economy,5.38,0.7,-0.14,0.7109,-
834,Order №835,0.82,Standard,1.82,0.2,0.36,1.2736,-
835,Order №836,0.01,Business,8.13,0.5,0.4,0.9774,-
836,Order №837,0.58,Standard,4.39,0.8,0.62,0.859,-
837,Order №838,0.82,Economy,3.58,0.0,0.73,1.1749,+
838,Order №839,0.94,Business,15.99,1.0,0.6,1.2045,-
839,Order №840,0.49,Business,5.74,0.7,-0.56,1.4316,-
840,Order №841,0.93,Business,0.64,0.7,0.39,0.7899,+
841,Order №842,0.57,Standard,1.86,0.7,0.77,0.701,-
842,Order №843,0.75,Standard,8.52,0.3,0.73,1.0959,-
843,Order №844,0.05,Business,5.7,0.5,-0.71,1.0762,-
844,Order №845,0.7,Standard,6.09,0.4,0.36,0.9774,-
845,Order №846,0.45,Economy,1.21,1.0,0.82,1.1058,-
846,Order №847,0.95,Business,3.41,0.5,0.46,0.9281,+
847,Order №848,0.9,Standard,4.68,1.0,-0.6,0.7207,+
848,Order №849,0.71,Business,4.05,0.3,-0.72,0.7504,+
849,Order №850,0.15,Standard,6.78,0.8,-0.11,1.402,-
850,Order №851,0.52,Business,8.03,1.0,0.22,1.1255,-
851,Order №852,0.88,Business,4.88,1.0,0.91,0.7306,-
852,Order №853,0.79,Business,0.7,0.6,0.36,1.323,-
853,Order №854,0.63,Standard,11.74,0.4,0.53,0.9577,+
854,Order №855,0.52,Business,4.44,0.3,0.67,1.0959,-
855,Order №856,0.69,Business,4.77,0.9,-0.31,1.165,-
856,Order №857,0.96,Standard,4.61,0.4,0.2,1.0071,-
857,Order №858,0.36,Economy,8.98,0.9,-0.87,0.7701,-
858,Order №859,0.19,Business,5.3,0.3,0.92,1.0663,+
859,Order №860,0.58,Standard,8.53,0.8,-0.98,1.0367,-
860,Order №861,0.58,Standard,6.64,0.1,-0.12,1.1453,-
861,Order №862,0.31,Economy,5.98,0.8,-0.54,1.244,-
862,Order №863,0.54,Standard,1.13,0.8,0.61,0.8096,-
863,Order №864,0.41,Business,0.83,1.0,0.46,0.7504,+
864,Order №865,0.6,Standard,7.52,0.6,-0.32,1.3526,-
865,Order №866,0.66,Economy,3.98,0.2,0.79,1.1354,-
866,Order №867,0.05,Economy,12.02,0.1,-0.26,0.9478,-
867,Order №868,0.1,Standard,11.96,0.7,-0.38,1.2144,+
868,Order №869,0.43,Standard,4.65,0.7,-0.8,1.2144,-
869,Order №870,0.77,Standard,5.55,0.2,-0.13,0.7207,-
870,Order №871,0.46,Economy,9.2,0.0,0.14,0.9083,-
871,Order №872,0.32,Standard,7.48,0.1,0.72,1.0169,-
872,Order №873,0.79,Business,3.9,0.9,0.52,1.3724,-
873,Order №874,0.43,Business,5.61,0.8,-0.63,0.7207,-
874,Order №875,0.44,Standard,18.25,0.0,-0.58,0.9083,-
875,Order №876,0.74,Standard,7.71,0.2,-0.65,1.165,-
876,Order №877,0.09,Business,5.82,0.1,0.05,1.1058,+
877,Order №878,0.41,Standard,1.68,0.9,-0.05,0.9083,-
878,Order №879,0.27,Standard,7.13,0.1,-0.32,0.7997,-
879,Order №880,0.05,Standard,6.64,0.5,-0.08,0.9182,-
880,Order №881,0.75,Economy,4.47,0.4,0.4,0.7899,-
881,Order №882,0.24,Economy,3.09,1.0,0.83,0.9083,-
882,Order №883,0.39,Business,5.05,0.6,0.22,0.9478,-
883,Order №884,0.34,Business,2.34,0.9,-0.09,1.3427,-
884,Order №885,0.0,Business,1.76,1.0,-0.16,1.402,-
885,Order №886,0.76,Economy,0.69,0.6,0.45,0.9083,-
886,Order №887,0.29,Economy,2.69,0.0,0.81,1.0169,-
887,Order №888,0.97,Economy,13.05,0.2,0.07,0.8688,-
888,Order №889,0.27,Standard,7.52,0.7,-0.28,0.8787,-
889,Order №890,0.97,Standard,7.84,0.8,-0.92,0.9379,-
890,Order №891,0.28,Economy,7.18,0.8,0.64,0.9972,-
891,Order №892,0.9,Economy,6.55,0.3,-0.97,1.0564,+
892,Order №893,0.12,Business,6.97,0.0,-0.93,0.9083,-
893,Order №894,0.94,Business,3.76,0.3,-0.89,0.8985,+
894,Order №895,0.94,Business,5.36,0.0,-0.63,1.1255,-
895,Order №896,0.03,Business,10.66,0.7,-0.49,1.0762,-
896,Order №897,0.6,Business,3.61,0.7,0.43,0.8096,-
897,Order №898,0.92,Business,4.73,0.3,-0.34,1.3329,-
898,Order №899,0.42,Business,1.5,0.1,0.45,1.1157,-
899,Order №900,0.58,Standard,2.89,0.7,0.22,0.8787,-
900,Order №901,0.44,Business,8.98,0.5,0.97,1.1157,-
901,Order №902,0.57,Standard,7.92,0.9,0.85,1.1848,-
902,Order №903,0.41,Economy,6.34,0.2,-0.4,1.1749,+
903,Order №904,0.31,Standard,1.46,0.1,-0.5,1.2243,-
904,Order №905,0.92,Business,2.51,0.4,-0.88,0.9774,-
905,Order №906,0.94,Standard,7.85,0.8,-0.63,0.9873,+
906,Order №907,0.63,Business,4.78,0.8,0.64,1.0466,+
907,Order №908,0.14,Standard,4.83,0.5,-0.83,1.1453,+
908,Order №909,0.46,Business,11.22,0.8,0.16,0.9577,-
909,Order №910,0.1,Business,4.93,0.8,0.4,1.3427,-
910,Order №911,0.86,Business,0.47,0.0,0.08,1.086,-
911,Order №912,0.63,Economy,3.96,1.0,-0.21,1.0367,-
912,Order №913,0.62,Economy,6.68,1.0,-0.98,1.4217,-
913,Order №914,0.7,Standard,3.12,0.4,0.23,1.2144,+
914,Order №915,0.1,Economy,12.5,0.4,0.63,1.1157,+
915,Order №916,0.79,Standard,2.01,0.5,0.56,1.1058,-
916,Order №917,0.22,Business,7.9,0.1,0.47,0.9182,-
917,Order №918,0.28,Business,2.76,0.6,0.96,0.8195,-
918,Order №919,0.16,Standard,1.68,0.8,-0.71,0.8096,+
919,Order №920,0.26,Standard,6.95,0.1,-0.73,0.7602,-
920,Order №921,0.9,Standard,6.33,0.0,-0.5,1.481,-
921,Order №922,0.74,Standard,7.48,0.9,0.35,1.3131,-
922,Order №923,0.89,Economy,5.89,0.1,0.36,1.0959,-
923,Order №924,0.93,Standard,1.76,1.0,0.89,0.9281,-
924,Order №925,0.73,Economy,3.02,0.4,0.52,1.1157,-
925,Order №926,0.59,Economy,15.36,0.7,-0.23,0.9281,-
926,Order №927,0.26,Standard,4.91,0.1,-0.13,0.9281,-
927,Order №928,0.01,Economy,5.69,0.8,0.77,0.9281,-
928,Order №929,0.34,Economy,5.55,0.5,1.0,1.165,-
929,Order №930,0.32,Economy,8.85,0.8,0.27,1.3329,-
930,Order №931,0.75,Standard,1.62,0.5,0.26,0.701,-
931,Order №932,0.88,Business,1.67,0.7,-0.88,0.9774,-
932,Order №933,0.04,Business,5.83,0.4,-0.01,0.7504,-
933,Order №934,0.72,Standard,8.63,0.8,0.36,0.8787,+
934,Order №935,0.97,Business,7.48,1.0,-0.94,0.9873,-
935,Order №936,0.4,Standard,5.85,0.5,-0.8,0.8293,+
936,Order №937,0.06,Business,3.63,0.6,-0.94,1.0663,-
937,Order №938,0.59,Economy,12.62,0.7,-0.31,0.8293,-
938,Order №939,0.54,Business,10.32,1.0,0.33,0.8787,+
939,Order №940,0.5,Standard,2.22,0.4,0.4,0.8886,+
940,Order №941,0.83,Standard,3.34,0.3,-0.62,1.3822,+
941,Order №942,0.74,Economy,10.91,0.6,-0.77,0.9873,-
942,Order №943,0.75,Business,4.12,0.6,-0.74,1.0959,-
943,Order №944,0.78,Economy,6.82,0.0,0.24,0.8293,-
944,Order №945,0.72,Standard,15.05,0.4,0.04,0.701,-
945,Order №946,0.11,Standard,10.5,0.9,-0.96,0.9873,-
946,Order №947,0.45,Business,7.86,0.0,0.5,0.9774,-
947,Order №948,0.84,Business,0.61,0.2,-0.61,1.0367,-
948,Order №949,0.88,Standard,4.68,0.2,-0.75,1.1157,-
949,Order №950,0.64,Business,7.87,1.0,-0.9,1.4612,-
950,Order №951,0.76,Standard,3.28,0.5,-0.77,0.7602,-
951,Order №952,0.48,Economy,7.71,0.2,-0.04,0.8293,-
952,Order №953,0.18,Standard,5.35,0.2,0.47,0.9972,-
953,Order №954,0.01,Business,10.1,0.9,-0.6,0.7207,-
954,Order №955,0.07,Standard,6.3,0.9,0.43,1.2243,-
955,Order №956,0.04,Economy,1.96,0.7,-0.4,1.2736,-
956,Order №957,0.63,Standard,4.38,0.2,-0.9,1.0071,-
957,Order №958,0.78,Economy,7.46,0.8,0.88,1.1058,-
958,Order №959,0.68,Business,4.33,0.3,-0.56,0.9083,-
959,Order №960,0.99,Economy,3.45,0.7,0.11,0.9577,-
960,Order №961,0.51,Economy,3.17,1.0,0.44,1.0268,-
961,Order №962,0.17,Business,3.62,0.8,0.24,0.7899,-
962,Order №963,0.48,Standard,0.45,0.5,0.97,1.0959,-
963,Order №964,0.56,Standard,7.05,0.5,-0.52,1.0466,-
964,Order №965,0.96,Economy,6.2,0.0,-0.3,1.1552,-
965,Order №966,0.9,Business,0.79,0.0,-0.21,0.8787,-
966,Order №967,0.26,Economy,4.33,0.2,-0.18,0.9577,-
967,Order №968,0.45,Economy,6.61,0.5,-0.84,1.0071,-
968,Order №969,0.53,Standard,3.87,0.5,-0.91,1.244,-
969,Order №970,0.78,Economy,3.45,0.4,-0.6,0.9478,+
970,Order №971,0.49,Economy,8.11,0.3,-0.31,1.0466,-
971,Order №972,0.39,Economy,4.34,0.3,0.22,1.1354,+
972,Order №973,0.56,Economy,10.89,0.2,-0.48,0.6911,+
973,Order №974,0.51,Business,10.87,0.1,0.33,0.7899,-
974,Order №975,0.27,Business,1.36,0.7,0.11,0.9774,-
975,Order №976,0.98,Economy,7.34,0.0,0.67,1.1255,+
976,Order №977,0.26,Economy,9.9,0.7,0.92,0.9478,+
977,Order №978,0.04,Standard,15.03,0.8,-0.8,0.7899,-
978,Order №979,0.88,Business,5.22,0.2,0.8,1.0071,-
979,Order №980,0.37,Business,2.21,0.6,-0.48,1.2736,-
980,Order №981,0.93,Standard,2.01,0.5,-0.95,0.7306,-
981,Order №982,0.4,Business,4.73,0.4,-0.89,1.0762,-
982,Order №983,0.5,Economy,2.93,0.2,0.93,0.9577,-
983,Order №984,0.17,Standard,4.98,0.2,-0.49,1.0169,-
984,Order №985,0.96,Business,10.2,0.5,-0.16,1.3329,-
985,Order №986,0.06,Standard,12.02,0.9,0.35,1.0367,-
986,Order №987,0.84,Economy,2.86,0.9,-0.72,0.9182,-
987,Order №988,0.91,Economy,4.63,0.1,-0.41,0.8491,-
988,Order №989,0.58,Standard,6.66,0.4,-0.98,1.1157,-
989,Order №990,0.72,Business,10.67,0.7,-0.67,1.0071,-
990,Order №991,0.4,Business,12.15,0.1,-0.27,1.0071,-
991,Order №992,0.95,Business,5.46,0.4,-0.82,1.0071,-
992,Order №993,0.35,Standard,3.02,0.2,-0.2,1.0268,-
993,Order №994,0.72,Economy,2.02,1.0,0.76,0.8985,+
994,Order №995,0.18,Business,9.4,0.2,0.7,0.8985,-
995,Order №996,0.01,Economy,9.79,0.1,0.63,1.3724,+
996,Order №997,0.11,Economy,10.36,0.0,-0.12,1.0169,-
997,Order №998,0.28,Business,14.51,1.0,-0.99,1.2835,-
998,Order №999,0.65,Economy,6.86,0.9,-0.87,0.8688,-
999,Order №1000,0.19,Standard,7.02,0.3,0.98,0.9676,-
